"store","brand","seasonal","p","d","q","P","D","Q","m"
2,1,FALSE,0,1,1,NA,NA,NA,NA
2,2,FALSE,0,1,1,NA,NA,NA,NA
2,3,TRUE,0,0,1,0,0,1,52
2,4,TRUE,1,0,0,1,0,0,52
2,5,FALSE,0,0,0,NA,NA,NA,NA
2,6,TRUE,1,0,0,1,0,0,52
2,7,TRUE,0,0,1,0,0,1,52
2,8,FALSE,0,1,1,NA,NA,NA,NA
2,9,TRUE,0,0,1,0,0,1,52
2,10,FALSE,0,0,0,NA,NA,NA,NA
2,11,FALSE,1,0,1,NA,NA,NA,NA
5,1,FALSE,0,1,1,NA,NA,NA,NA
5,2,FALSE,0,0,0,NA,NA,NA,NA
5,3,FALSE,0,0,0,NA,NA,NA,NA
5,4,FALSE,2,0,0,NA,NA,NA,NA
5,5,FALSE,0,0,0,NA,NA,NA,NA
5,6,FALSE,0,1,1,NA,NA,NA,NA
5,7,FALSE,0,0,0,NA,NA,NA,NA
5,8,FALSE,3,1,1,NA,NA,NA,NA
5,9,FALSE,2,1,1,NA,NA,NA,NA
5,10,FALSE,0,0,0,NA,NA,NA,NA
5,11,FALSE,1,1,1,NA,NA,NA,NA
8,1,FALSE,1,0,1,NA,NA,NA,NA
8,2,TRUE,0,0,1,0,0,1,52
8,3,FALSE,2,0,1,NA,NA,NA,NA
8,4,FALSE,1,0,1,NA,NA,NA,NA
8,5,FALSE,0,0,0,NA,NA,NA,NA
8,6,FALSE,0,1,1,NA,NA,NA,NA
8,7,TRUE,0,0,1,0,0,1,52
8,8,FALSE,1,1,1,NA,NA,NA,NA
8,9,TRUE,1,0,0,1,0,0,52
8,10,FALSE,0,0,0,NA,NA,NA,NA
8,11,TRUE,0,1,1,0,0,1,52
9,1,FALSE,0,0,0,NA,NA,NA,NA
9,2,TRUE,0,0,1,0,0,1,52
9,3,FALSE,1,0,1,NA,NA,NA,NA
9,4,TRUE,1,0,0,1,0,0,52
9,5,TRUE,0,0,1,0,0,1,52
9,6,FALSE,1,0,1,NA,NA,NA,NA
9,7,FALSE,0,0,0,NA,NA,NA,NA
9,8,FALSE,1,1,1,NA,NA,NA,NA
9,9,TRUE,0,0,1,0,0,1,52
9,10,FALSE,0,0,0,NA,NA,NA,NA
9,11,FALSE,2,1,4,NA,NA,NA,NA
12,1,FALSE,0,1,2,NA,NA,NA,NA
12,2,FALSE,1,1,1,NA,NA,NA,NA
12,3,FALSE,0,0,0,NA,NA,NA,NA
12,4,TRUE,0,0,1,0,0,1,52
12,5,FALSE,0,0,0,NA,NA,NA,NA
12,6,FALSE,3,0,0,NA,NA,NA,NA
12,7,TRUE,0,0,1,0,0,1,52
12,8,FALSE,0,1,1,NA,NA,NA,NA
12,9,FALSE,0,1,2,NA,NA,NA,NA
12,10,FALSE,0,1,1,NA,NA,NA,NA
12,11,TRUE,0,0,1,0,0,1,52
14,1,FALSE,2,1,1,NA,NA,NA,NA
14,2,FALSE,3,1,1,NA,NA,NA,NA
14,3,TRUE,1,0,0,1,0,0,52
14,4,TRUE,1,0,0,1,0,0,52
14,5,FALSE,0,0,0,NA,NA,NA,NA
14,6,FALSE,1,1,2,NA,NA,NA,NA
14,7,TRUE,1,1,0,1,0,0,52
14,8,FALSE,0,0,0,NA,NA,NA,NA
14,9,FALSE,2,0,0,NA,NA,NA,NA
14,10,FALSE,1,1,1,NA,NA,NA,NA
14,11,FALSE,0,1,1,NA,NA,NA,NA
18,1,FALSE,0,0,0,NA,NA,NA,NA
18,2,FALSE,0,0,0,NA,NA,NA,NA
18,3,FALSE,1,0,1,NA,NA,NA,NA
18,4,FALSE,1,0,1,NA,NA,NA,NA
18,5,FALSE,0,0,0,NA,NA,NA,NA
18,6,FALSE,0,1,1,NA,NA,NA,NA
18,7,FALSE,0,1,1,NA,NA,NA,NA
18,8,FALSE,0,1,1,NA,NA,NA,NA
18,9,FALSE,0,0,0,NA,NA,NA,NA
18,10,FALSE,0,0,0,NA,NA,NA,NA
18,11,TRUE,0,1,1,0,0,1,52
21,1,FALSE,0,1,1,NA,NA,NA,NA
21,2,FALSE,1,1,1,NA,NA,NA,NA
21,3,FALSE,2,0,0,NA,NA,NA,NA
21,4,TRUE,1,0,0,1,0,0,52
21,5,FALSE,0,0,0,NA,NA,NA,NA
21,6,FALSE,1,1,1,NA,NA,NA,NA
21,7,FALSE,0,1,1,NA,NA,NA,NA
21,8,FALSE,0,1,1,NA,NA,NA,NA
21,9,TRUE,0,0,1,0,0,1,52
21,10,FALSE,0,1,1,NA,NA,NA,NA
21,11,FALSE,0,1,1,NA,NA,NA,NA
28,1,FALSE,0,0,0,NA,NA,NA,NA
28,2,FALSE,0,0,0,NA,NA,NA,NA
28,3,FALSE,1,1,1,NA,NA,NA,NA
28,4,TRUE,1,0,0,1,0,0,52
28,5,FALSE,0,0,0,NA,NA,NA,NA
28,6,FALSE,1,0,1,NA,NA,NA,NA
28,7,TRUE,1,0,0,1,0,0,52
28,8,TRUE,0,0,1,0,0,1,52
28,9,FALSE,1,1,1,NA,NA,NA,NA
28,10,FALSE,0,0,0,NA,NA,NA,NA
28,11,FALSE,1,0,1,NA,NA,NA,NA
32,1,FALSE,0,1,1,NA,NA,NA,NA
32,2,FALSE,3,1,1,NA,NA,NA,NA
32,3,FALSE,1,1,2,NA,NA,NA,NA
32,4,FALSE,1,0,2,NA,NA,NA,NA
32,5,FALSE,2,0,0,NA,NA,NA,NA
32,6,FALSE,1,0,2,NA,NA,NA,NA
32,7,FALSE,0,0,0,NA,NA,NA,NA
32,8,TRUE,1,1,0,1,0,0,52
32,9,FALSE,1,1,1,NA,NA,NA,NA
32,10,FALSE,0,1,1,NA,NA,NA,NA
32,11,FALSE,2,1,2,NA,NA,NA,NA
33,1,FALSE,0,1,1,NA,NA,NA,NA
33,2,FALSE,0,1,2,NA,NA,NA,NA
33,3,FALSE,2,0,0,NA,NA,NA,NA
33,4,FALSE,0,0,0,NA,NA,NA,NA
33,5,TRUE,1,1,0,1,0,0,52
33,6,FALSE,0,1,1,NA,NA,NA,NA
33,7,TRUE,1,0,0,1,0,0,52
33,8,FALSE,0,1,1,NA,NA,NA,NA
33,9,FALSE,2,0,0,NA,NA,NA,NA
33,10,FALSE,0,1,3,NA,NA,NA,NA
33,11,FALSE,0,1,1,NA,NA,NA,NA
40,1,FALSE,1,0,1,NA,NA,NA,NA
40,2,FALSE,0,0,0,NA,NA,NA,NA
40,3,FALSE,0,0,0,NA,NA,NA,NA
40,4,FALSE,1,0,2,NA,NA,NA,NA
40,5,FALSE,0,0,0,NA,NA,NA,NA
40,6,FALSE,0,1,1,NA,NA,NA,NA
40,7,TRUE,0,0,1,0,0,1,52
40,8,FALSE,1,1,1,NA,NA,NA,NA
40,9,TRUE,0,0,1,0,0,1,52
40,10,FALSE,0,0,0,NA,NA,NA,NA
40,11,FALSE,0,1,1,NA,NA,NA,NA
44,1,FALSE,0,1,1,NA,NA,NA,NA
44,2,FALSE,2,1,1,NA,NA,NA,NA
44,3,FALSE,1,0,1,NA,NA,NA,NA
44,4,TRUE,1,0,0,1,0,0,52
44,5,FALSE,0,0,0,NA,NA,NA,NA
44,6,FALSE,0,1,1,NA,NA,NA,NA
44,7,FALSE,0,0,0,NA,NA,NA,NA
44,8,FALSE,1,1,1,NA,NA,NA,NA
44,9,TRUE,0,0,1,0,0,1,52
44,10,FALSE,0,1,1,NA,NA,NA,NA
44,11,FALSE,1,1,1,NA,NA,NA,NA
45,1,FALSE,3,1,1,NA,NA,NA,NA
45,2,FALSE,0,0,0,NA,NA,NA,NA
45,3,TRUE,1,0,0,1,0,0,52
45,4,FALSE,1,0,1,NA,NA,NA,NA
45,5,FALSE,0,0,0,NA,NA,NA,NA
45,6,FALSE,1,1,2,NA,NA,NA,NA
45,7,FALSE,2,1,1,NA,NA,NA,NA
45,8,FALSE,0,1,1,NA,NA,NA,NA
45,9,TRUE,1,0,0,1,0,0,52
45,10,FALSE,2,0,1,NA,NA,NA,NA
45,11,FALSE,1,1,1,NA,NA,NA,NA
47,1,FALSE,0,1,1,NA,NA,NA,NA
47,2,FALSE,2,1,1,NA,NA,NA,NA
47,3,FALSE,0,1,1,NA,NA,NA,NA
47,4,FALSE,1,0,1,NA,NA,NA,NA
47,5,FALSE,0,0,0,NA,NA,NA,NA
47,6,FALSE,0,1,1,NA,NA,NA,NA
47,7,FALSE,0,1,1,NA,NA,NA,NA
47,8,FALSE,0,1,1,NA,NA,NA,NA
47,9,TRUE,0,0,1,0,0,1,52
47,10,FALSE,2,0,1,NA,NA,NA,NA
47,11,FALSE,1,1,1,NA,NA,NA,NA
48,1,FALSE,0,1,1,NA,NA,NA,NA
48,2,FALSE,0,0,0,NA,NA,NA,NA
48,3,FALSE,2,1,1,NA,NA,NA,NA
48,4,FALSE,0,0,0,NA,NA,NA,NA
48,5,FALSE,0,0,0,NA,NA,NA,NA
48,6,FALSE,3,1,0,NA,NA,NA,NA
48,7,TRUE,0,0,1,0,0,1,52
48,8,FALSE,0,1,1,NA,NA,NA,NA
48,9,FALSE,2,0,0,NA,NA,NA,NA
48,10,FALSE,0,0,0,NA,NA,NA,NA
48,11,FALSE,1,1,1,NA,NA,NA,NA
49,1,FALSE,0,1,1,NA,NA,NA,NA
49,2,FALSE,0,1,1,NA,NA,NA,NA
49,3,FALSE,0,1,1,NA,NA,NA,NA
49,4,TRUE,0,0,1,0,0,1,52
49,5,FALSE,0,0,0,NA,NA,NA,NA
49,6,FALSE,1,0,1,NA,NA,NA,NA
49,7,FALSE,0,0,0,NA,NA,NA,NA
49,8,TRUE,0,0,1,0,0,1,52
49,9,FALSE,1,1,1,NA,NA,NA,NA
49,10,FALSE,0,0,0,NA,NA,NA,NA
49,11,FALSE,1,1,1,NA,NA,NA,NA
50,1,FALSE,0,0,0,NA,NA,NA,NA
50,2,FALSE,0,0,0,NA,NA,NA,NA
50,3,FALSE,1,1,1,NA,NA,NA,NA
50,4,FALSE,0,0,0,NA,NA,NA,NA
50,5,FALSE,0,0,0,NA,NA,NA,NA
50,6,FALSE,0,1,1,NA,NA,NA,NA
50,7,FALSE,0,0,0,NA,NA,NA,NA
50,8,FALSE,0,1,1,NA,NA,NA,NA
50,9,TRUE,1,0,0,1,0,0,52
50,10,FALSE,0,0,0,NA,NA,NA,NA
50,11,FALSE,0,1,2,NA,NA,NA,NA
51,1,FALSE,1,1,1,NA,NA,NA,NA
51,2,TRUE,0,0,1,0,0,1,52
51,3,FALSE,1,1,1,NA,NA,NA,NA
51,4,TRUE,1,0,0,1,0,0,52
51,5,FALSE,1,0,1,NA,NA,NA,NA
51,6,TRUE,1,0,0,1,0,0,52
51,7,TRUE,0,0,1,0,0,1,52
51,8,FALSE,1,1,2,NA,NA,NA,NA
51,9,FALSE,2,0,1,NA,NA,NA,NA
51,10,TRUE,0,0,1,0,0,1,52
51,11,FALSE,2,1,1,NA,NA,NA,NA
52,1,FALSE,0,1,1,NA,NA,NA,NA
52,2,FALSE,3,1,1,NA,NA,NA,NA
52,3,TRUE,1,0,0,1,0,0,52
52,4,FALSE,1,0,1,NA,NA,NA,NA
52,5,FALSE,2,0,0,NA,NA,NA,NA
52,6,TRUE,1,0,0,1,0,0,52
52,7,FALSE,0,0,0,NA,NA,NA,NA
52,8,TRUE,0,1,1,0,0,1,52
52,9,FALSE,2,0,0,NA,NA,NA,NA
52,10,FALSE,0,0,0,NA,NA,NA,NA
52,11,FALSE,1,1,1,NA,NA,NA,NA
53,1,TRUE,0,0,1,0,0,1,52
53,2,FALSE,1,1,3,NA,NA,NA,NA
53,3,FALSE,1,1,2,NA,NA,NA,NA
53,4,FALSE,1,0,1,NA,NA,NA,NA
53,5,FALSE,0,0,0,NA,NA,NA,NA
53,6,FALSE,0,1,1,NA,NA,NA,NA
53,7,TRUE,0,0,1,0,0,1,52
53,8,FALSE,0,1,1,NA,NA,NA,NA
53,9,TRUE,0,0,1,0,0,1,52
53,10,FALSE,0,0,0,NA,NA,NA,NA
53,11,FALSE,2,1,3,NA,NA,NA,NA
54,1,FALSE,1,1,1,NA,NA,NA,NA
54,2,FALSE,0,1,1,NA,NA,NA,NA
54,3,FALSE,1,1,1,NA,NA,NA,NA
54,4,FALSE,1,0,2,NA,NA,NA,NA
54,5,FALSE,0,0,0,NA,NA,NA,NA
54,6,FALSE,2,0,0,NA,NA,NA,NA
54,7,FALSE,0,0,0,NA,NA,NA,NA
54,8,FALSE,0,1,2,NA,NA,NA,NA
54,9,FALSE,2,0,1,NA,NA,NA,NA
54,10,FALSE,0,0,0,NA,NA,NA,NA
54,11,FALSE,0,1,2,NA,NA,NA,NA
56,1,FALSE,0,1,1,NA,NA,NA,NA
56,2,FALSE,0,1,1,NA,NA,NA,NA
56,3,FALSE,2,0,0,NA,NA,NA,NA
56,4,FALSE,1,0,1,NA,NA,NA,NA
56,5,FALSE,0,0,0,NA,NA,NA,NA
56,6,FALSE,1,1,1,NA,NA,NA,NA
56,7,FALSE,1,0,1,NA,NA,NA,NA
56,8,FALSE,0,1,1,NA,NA,NA,NA
56,9,FALSE,1,0,1,NA,NA,NA,NA
56,10,FALSE,0,1,1,NA,NA,NA,NA
56,11,TRUE,0,1,1,0,0,1,52
59,1,FALSE,0,1,1,NA,NA,NA,NA
59,2,FALSE,0,1,1,NA,NA,NA,NA
59,3,FALSE,3,0,0,NA,NA,NA,NA
59,4,FALSE,1,0,2,NA,NA,NA,NA
59,5,FALSE,0,0,0,NA,NA,NA,NA
59,6,FALSE,0,1,2,NA,NA,NA,NA
59,7,FALSE,2,0,2,NA,NA,NA,NA
59,8,TRUE,0,0,1,0,0,1,52
59,9,FALSE,3,1,1,NA,NA,NA,NA
59,10,FALSE,0,1,1,NA,NA,NA,NA
59,11,FALSE,0,1,1,NA,NA,NA,NA
62,1,FALSE,0,1,1,NA,NA,NA,NA
62,2,FALSE,1,1,1,NA,NA,NA,NA
62,3,FALSE,0,0,0,NA,NA,NA,NA
62,4,FALSE,1,0,1,NA,NA,NA,NA
62,5,FALSE,0,0,2,NA,NA,NA,NA
62,6,FALSE,0,1,1,NA,NA,NA,NA
62,7,TRUE,0,0,1,0,0,1,52
62,8,TRUE,0,0,1,0,0,1,52
62,9,TRUE,0,0,1,0,0,1,52
62,10,FALSE,0,0,0,NA,NA,NA,NA
62,11,FALSE,1,1,1,NA,NA,NA,NA
64,1,TRUE,1,0,0,1,0,0,52
64,2,TRUE,0,0,1,0,0,1,52
64,3,TRUE,1,0,0,1,0,0,52
64,4,FALSE,1,0,1,NA,NA,NA,NA
64,5,FALSE,0,0,0,NA,NA,NA,NA
64,6,FALSE,0,1,1,NA,NA,NA,NA
64,7,TRUE,0,0,1,0,0,1,52
64,8,TRUE,1,0,0,1,0,0,52
64,9,TRUE,0,0,1,0,0,1,52
64,10,FALSE,0,0,0,NA,NA,NA,NA
64,11,TRUE,1,0,0,1,0,0,52
67,1,FALSE,3,1,1,NA,NA,NA,NA
67,2,FALSE,0,1,1,NA,NA,NA,NA
67,3,FALSE,1,0,1,NA,NA,NA,NA
67,4,FALSE,1,0,1,NA,NA,NA,NA
67,5,FALSE,0,0,0,NA,NA,NA,NA
67,6,FALSE,0,1,1,NA,NA,NA,NA
67,7,FALSE,0,0,0,NA,NA,NA,NA
67,8,FALSE,2,0,2,NA,NA,NA,NA
67,9,FALSE,2,1,1,NA,NA,NA,NA
67,10,FALSE,3,1,1,NA,NA,NA,NA
67,11,TRUE,0,1,1,0,0,1,52
68,1,FALSE,0,1,1,NA,NA,NA,NA
68,2,TRUE,0,0,1,0,0,1,52
68,3,FALSE,2,1,1,NA,NA,NA,NA
68,4,FALSE,2,0,2,NA,NA,NA,NA
68,5,FALSE,0,1,1,NA,NA,NA,NA
68,6,FALSE,1,1,1,NA,NA,NA,NA
68,7,TRUE,0,0,1,0,0,1,52
68,8,FALSE,0,1,1,NA,NA,NA,NA
68,9,FALSE,2,0,1,NA,NA,NA,NA
68,10,FALSE,1,1,1,NA,NA,NA,NA
68,11,TRUE,1,0,0,1,0,0,52
70,1,FALSE,1,0,1,NA,NA,NA,NA
70,2,FALSE,1,1,1,NA,NA,NA,NA
70,3,FALSE,1,0,1,NA,NA,NA,NA
70,4,FALSE,1,0,1,NA,NA,NA,NA
70,5,FALSE,0,0,0,NA,NA,NA,NA
70,6,FALSE,0,1,1,NA,NA,NA,NA
70,7,TRUE,1,0,0,1,0,0,52
70,8,FALSE,1,1,2,NA,NA,NA,NA
70,9,FALSE,0,0,0,NA,NA,NA,NA
70,10,FALSE,0,0,0,NA,NA,NA,NA
70,11,FALSE,0,1,1,NA,NA,NA,NA
71,1,FALSE,1,1,1,NA,NA,NA,NA
71,2,FALSE,0,0,2,NA,NA,NA,NA
71,3,FALSE,1,0,1,NA,NA,NA,NA
71,4,FALSE,1,0,1,NA,NA,NA,NA
71,5,FALSE,0,0,0,NA,NA,NA,NA
71,6,FALSE,2,0,1,NA,NA,NA,NA
71,7,TRUE,0,0,1,0,0,1,52
71,8,FALSE,1,0,1,NA,NA,NA,NA
71,9,FALSE,1,1,2,NA,NA,NA,NA
71,10,FALSE,0,0,0,NA,NA,NA,NA
71,11,FALSE,1,1,2,NA,NA,NA,NA
72,1,FALSE,0,1,1,NA,NA,NA,NA
72,2,FALSE,0,0,2,NA,NA,NA,NA
72,3,FALSE,0,1,1,NA,NA,NA,NA
72,4,FALSE,3,0,3,NA,NA,NA,NA
72,5,FALSE,0,0,0,NA,NA,NA,NA
72,6,TRUE,1,0,0,1,0,0,52
72,7,FALSE,0,0,0,NA,NA,NA,NA
72,8,FALSE,0,0,0,NA,NA,NA,NA
72,9,TRUE,0,0,1,0,0,1,52
72,10,FALSE,0,0,0,NA,NA,NA,NA
72,11,FALSE,0,0,2,NA,NA,NA,NA
73,1,TRUE,1,0,0,1,0,0,52
73,2,TRUE,0,0,1,0,0,1,52
73,3,FALSE,2,0,0,NA,NA,NA,NA
73,4,FALSE,1,0,1,NA,NA,NA,NA
73,5,FALSE,0,0,0,NA,NA,NA,NA
73,6,FALSE,3,1,2,NA,NA,NA,NA
73,7,FALSE,0,0,0,NA,NA,NA,NA
73,8,FALSE,0,1,1,NA,NA,NA,NA
73,9,FALSE,1,1,3,NA,NA,NA,NA
73,10,FALSE,0,0,0,NA,NA,NA,NA
73,11,TRUE,0,1,1,0,0,1,52
74,1,FALSE,0,1,1,NA,NA,NA,NA
74,2,FALSE,2,0,2,NA,NA,NA,NA
74,3,FALSE,0,1,1,NA,NA,NA,NA
74,4,TRUE,0,0,1,0,0,1,52
74,5,FALSE,0,0,0,NA,NA,NA,NA
74,6,FALSE,2,1,1,NA,NA,NA,NA
74,7,TRUE,0,0,1,0,0,1,52
74,8,TRUE,0,1,1,0,0,1,52
74,9,FALSE,0,1,4,NA,NA,NA,NA
74,10,FALSE,0,1,1,NA,NA,NA,NA
74,11,TRUE,1,0,0,1,0,0,52
75,1,FALSE,1,0,1,NA,NA,NA,NA
75,2,TRUE,0,0,1,0,0,1,52
75,3,FALSE,1,0,1,NA,NA,NA,NA
75,4,FALSE,1,0,1,NA,NA,NA,NA
75,5,FALSE,0,0,0,NA,NA,NA,NA
75,6,FALSE,1,1,1,NA,NA,NA,NA
75,7,TRUE,0,0,1,0,0,1,52
75,8,FALSE,0,1,2,NA,NA,NA,NA
75,9,FALSE,2,0,0,NA,NA,NA,NA
75,10,FALSE,0,0,0,NA,NA,NA,NA
75,11,TRUE,1,0,0,1,0,0,52
76,1,FALSE,0,1,1,NA,NA,NA,NA
76,2,TRUE,0,0,1,0,0,1,52
76,3,FALSE,2,1,1,NA,NA,NA,NA
76,4,FALSE,1,0,1,NA,NA,NA,NA
76,5,FALSE,0,0,0,NA,NA,NA,NA
76,6,FALSE,0,1,1,NA,NA,NA,NA
76,7,FALSE,0,0,0,NA,NA,NA,NA
76,8,FALSE,4,1,0,NA,NA,NA,NA
76,9,TRUE,0,0,1,0,0,1,52
76,10,FALSE,0,0,0,NA,NA,NA,NA
76,11,TRUE,0,1,1,0,0,1,52
77,1,TRUE,0,1,1,0,0,1,52
77,2,FALSE,0,1,1,NA,NA,NA,NA
77,3,FALSE,1,0,1,NA,NA,NA,NA
77,4,FALSE,0,0,0,NA,NA,NA,NA
77,5,FALSE,0,0,0,NA,NA,NA,NA
77,6,FALSE,1,1,1,NA,NA,NA,NA
77,7,FALSE,0,1,1,NA,NA,NA,NA
77,8,FALSE,0,1,1,NA,NA,NA,NA
77,9,FALSE,1,0,1,NA,NA,NA,NA
77,10,FALSE,0,0,0,NA,NA,NA,NA
77,11,FALSE,1,1,2,NA,NA,NA,NA
78,1,FALSE,1,1,1,NA,NA,NA,NA
78,2,FALSE,2,1,1,NA,NA,NA,NA
78,3,FALSE,1,1,1,NA,NA,NA,NA
78,4,FALSE,1,0,0,NA,NA,NA,NA
78,5,FALSE,0,0,0,NA,NA,NA,NA
78,6,FALSE,0,1,1,NA,NA,NA,NA
78,7,TRUE,0,0,1,0,0,1,52
78,8,FALSE,0,1,1,NA,NA,NA,NA
78,9,FALSE,2,1,1,NA,NA,NA,NA
78,10,FALSE,1,0,1,NA,NA,NA,NA
78,11,FALSE,0,1,1,NA,NA,NA,NA
80,1,FALSE,0,0,0,NA,NA,NA,NA
80,2,FALSE,0,0,0,NA,NA,NA,NA
80,3,FALSE,0,1,1,NA,NA,NA,NA
80,4,FALSE,0,1,1,NA,NA,NA,NA
80,5,FALSE,0,0,0,NA,NA,NA,NA
80,6,FALSE,1,0,1,NA,NA,NA,NA
80,7,FALSE,0,1,1,NA,NA,NA,NA
80,8,FALSE,4,1,0,NA,NA,NA,NA
80,9,TRUE,1,0,0,1,0,0,52
80,10,FALSE,0,0,0,NA,NA,NA,NA
80,11,FALSE,0,1,1,NA,NA,NA,NA
81,1,FALSE,1,1,1,NA,NA,NA,NA
81,2,FALSE,0,1,2,NA,NA,NA,NA
81,3,FALSE,2,0,1,NA,NA,NA,NA
81,4,FALSE,1,0,1,NA,NA,NA,NA
81,5,FALSE,0,0,0,NA,NA,NA,NA
81,6,FALSE,1,1,1,NA,NA,NA,NA
81,7,TRUE,0,0,1,0,0,1,52
81,8,TRUE,0,1,1,0,0,1,52
81,9,TRUE,0,0,1,0,0,1,52
81,10,FALSE,0,0,0,NA,NA,NA,NA
81,11,TRUE,0,0,1,0,0,1,52
83,1,FALSE,0,1,1,NA,NA,NA,NA
83,2,FALSE,0,1,1,NA,NA,NA,NA
83,3,TRUE,1,0,0,1,0,0,52
83,4,TRUE,1,0,0,1,0,0,52
83,5,FALSE,0,0,0,NA,NA,NA,NA
83,6,FALSE,0,1,2,NA,NA,NA,NA
83,7,FALSE,0,1,1,NA,NA,NA,NA
83,8,FALSE,1,0,1,NA,NA,NA,NA
83,9,TRUE,0,0,1,0,0,1,52
83,10,FALSE,2,0,1,NA,NA,NA,NA
83,11,TRUE,0,1,1,0,0,1,52
84,1,FALSE,0,1,1,NA,NA,NA,NA
84,2,FALSE,0,1,1,NA,NA,NA,NA
84,3,TRUE,1,0,0,1,0,0,52
84,4,FALSE,1,0,1,NA,NA,NA,NA
84,5,FALSE,0,0,0,NA,NA,NA,NA
84,6,FALSE,1,0,1,NA,NA,NA,NA
84,7,FALSE,0,0,0,NA,NA,NA,NA
84,8,FALSE,0,1,2,NA,NA,NA,NA
84,9,FALSE,0,0,0,NA,NA,NA,NA
84,10,FALSE,1,0,1,NA,NA,NA,NA
84,11,FALSE,0,1,1,NA,NA,NA,NA
86,1,FALSE,1,0,1,NA,NA,NA,NA
86,2,FALSE,0,0,0,NA,NA,NA,NA
86,3,FALSE,0,0,0,NA,NA,NA,NA
86,4,FALSE,1,0,1,NA,NA,NA,NA
86,5,FALSE,0,0,0,NA,NA,NA,NA
86,6,FALSE,1,0,1,NA,NA,NA,NA
86,7,FALSE,0,0,0,NA,NA,NA,NA
86,8,FALSE,0,1,1,NA,NA,NA,NA
86,9,FALSE,2,0,1,NA,NA,NA,NA
86,10,FALSE,1,1,1,NA,NA,NA,NA
86,11,TRUE,0,0,1,0,0,1,52
88,1,FALSE,0,0,0,NA,NA,NA,NA
88,2,FALSE,1,1,1,NA,NA,NA,NA
88,3,FALSE,0,1,1,NA,NA,NA,NA
88,4,FALSE,1,0,1,NA,NA,NA,NA
88,5,FALSE,0,0,0,NA,NA,NA,NA
88,6,FALSE,1,0,1,NA,NA,NA,NA
88,7,FALSE,0,0,0,NA,NA,NA,NA
88,8,FALSE,0,1,1,NA,NA,NA,NA
88,9,TRUE,1,0,0,1,0,0,52
88,10,FALSE,0,1,1,NA,NA,NA,NA
88,11,TRUE,1,0,0,1,0,0,52
89,1,TRUE,0,0,1,0,0,1,52
89,2,TRUE,0,0,1,0,0,1,52
89,3,FALSE,1,0,1,NA,NA,NA,NA
89,4,FALSE,1,0,0,NA,NA,NA,NA
89,5,FALSE,0,0,0,NA,NA,NA,NA
89,6,FALSE,3,0,0,NA,NA,NA,NA
89,7,FALSE,0,0,0,NA,NA,NA,NA
89,8,FALSE,0,1,1,NA,NA,NA,NA
89,9,FALSE,2,1,1,NA,NA,NA,NA
89,10,TRUE,0,0,1,0,0,1,52
89,11,FALSE,1,1,2,NA,NA,NA,NA
90,1,FALSE,0,1,1,NA,NA,NA,NA
90,2,TRUE,0,0,1,0,0,1,52
90,3,FALSE,1,1,1,NA,NA,NA,NA
90,4,FALSE,1,0,1,NA,NA,NA,NA
90,5,FALSE,0,0,0,NA,NA,NA,NA
90,6,FALSE,0,1,1,NA,NA,NA,NA
90,7,FALSE,0,0,0,NA,NA,NA,NA
90,8,FALSE,0,1,1,NA,NA,NA,NA
90,9,FALSE,2,1,1,NA,NA,NA,NA
90,10,FALSE,0,0,0,NA,NA,NA,NA
90,11,FALSE,0,1,2,NA,NA,NA,NA
91,1,FALSE,0,1,1,NA,NA,NA,NA
91,2,TRUE,0,0,1,0,0,1,52
91,3,FALSE,0,1,1,NA,NA,NA,NA
91,4,FALSE,3,0,1,NA,NA,NA,NA
91,5,FALSE,0,0,0,NA,NA,NA,NA
91,6,FALSE,1,0,1,NA,NA,NA,NA
91,7,FALSE,0,0,0,NA,NA,NA,NA
91,8,FALSE,2,1,1,NA,NA,NA,NA
91,9,FALSE,0,0,0,NA,NA,NA,NA
91,10,FALSE,0,0,0,NA,NA,NA,NA
91,11,FALSE,0,1,2,NA,NA,NA,NA
92,1,FALSE,0,0,0,NA,NA,NA,NA
92,2,FALSE,0,0,0,NA,NA,NA,NA
92,3,FALSE,0,0,0,NA,NA,NA,NA
92,4,FALSE,1,0,1,NA,NA,NA,NA
92,5,FALSE,0,0,0,NA,NA,NA,NA
92,6,FALSE,2,0,0,NA,NA,NA,NA
92,7,FALSE,0,0,0,NA,NA,NA,NA
92,8,FALSE,1,1,1,NA,NA,NA,NA
92,9,FALSE,1,1,1,NA,NA,NA,NA
92,10,TRUE,0,0,1,0,0,1,52
92,11,FALSE,1,1,1,NA,NA,NA,NA
93,1,FALSE,0,1,1,NA,NA,NA,NA
93,2,FALSE,0,1,1,NA,NA,NA,NA
93,3,TRUE,1,0,0,1,0,0,52
93,4,TRUE,1,0,0,1,0,0,52
93,5,FALSE,0,0,0,NA,NA,NA,NA
93,6,FALSE,1,1,1,NA,NA,NA,NA
93,7,TRUE,0,0,1,0,0,1,52
93,8,FALSE,0,1,1,NA,NA,NA,NA
93,9,TRUE,1,0,0,1,0,0,52
93,10,TRUE,0,0,1,0,0,1,52
93,11,FALSE,0,1,1,NA,NA,NA,NA
94,1,FALSE,0,1,1,NA,NA,NA,NA
94,2,FALSE,1,0,1,NA,NA,NA,NA
94,3,TRUE,1,0,0,1,0,0,52
94,4,FALSE,3,1,1,NA,NA,NA,NA
94,5,FALSE,0,0,0,NA,NA,NA,NA
94,6,FALSE,0,1,1,NA,NA,NA,NA
94,7,FALSE,1,1,1,NA,NA,NA,NA
94,8,FALSE,1,0,2,NA,NA,NA,NA
94,9,FALSE,2,0,0,NA,NA,NA,NA
94,10,FALSE,0,0,0,NA,NA,NA,NA
94,11,FALSE,1,1,1,NA,NA,NA,NA
95,1,FALSE,1,0,1,NA,NA,NA,NA
95,2,FALSE,1,1,1,NA,NA,NA,NA
95,3,FALSE,1,0,1,NA,NA,NA,NA
95,4,TRUE,0,0,1,0,0,1,52
95,5,FALSE,0,0,0,NA,NA,NA,NA
95,6,FALSE,0,1,1,NA,NA,NA,NA
95,7,FALSE,0,0,0,NA,NA,NA,NA
95,8,FALSE,0,1,1,NA,NA,NA,NA
95,9,FALSE,0,1,1,NA,NA,NA,NA
95,10,FALSE,0,1,1,NA,NA,NA,NA
95,11,FALSE,1,1,1,NA,NA,NA,NA
97,1,FALSE,0,1,1,NA,NA,NA,NA
97,2,FALSE,0,1,4,NA,NA,NA,NA
97,3,TRUE,1,0,0,1,0,0,52
97,4,FALSE,1,0,1,NA,NA,NA,NA
97,5,FALSE,0,0,0,NA,NA,NA,NA
97,6,FALSE,0,1,1,NA,NA,NA,NA
97,7,TRUE,0,0,1,0,0,1,52
97,8,FALSE,0,0,0,NA,NA,NA,NA
97,9,FALSE,1,1,2,NA,NA,NA,NA
97,10,FALSE,0,1,1,NA,NA,NA,NA
97,11,FALSE,0,1,2,NA,NA,NA,NA
98,1,FALSE,0,1,1,NA,NA,NA,NA
98,2,TRUE,0,0,1,0,0,1,52
98,3,FALSE,1,0,1,NA,NA,NA,NA
98,4,TRUE,0,0,1,0,0,1,52
98,5,FALSE,0,0,0,NA,NA,NA,NA
98,6,FALSE,2,0,0,NA,NA,NA,NA
98,7,TRUE,0,0,1,0,0,1,52
98,8,FALSE,0,1,1,NA,NA,NA,NA
98,9,TRUE,0,0,1,0,0,1,52
98,10,FALSE,0,0,0,NA,NA,NA,NA
98,11,FALSE,1,1,1,NA,NA,NA,NA
100,1,FALSE,0,1,1,NA,NA,NA,NA
100,2,TRUE,0,0,1,0,0,1,52
100,3,FALSE,0,1,1,NA,NA,NA,NA
100,4,FALSE,3,0,0,NA,NA,NA,NA
100,5,FALSE,0,0,0,NA,NA,NA,NA
100,6,FALSE,1,0,1,NA,NA,NA,NA
100,7,FALSE,1,0,1,NA,NA,NA,NA
100,8,TRUE,1,0,0,1,0,0,52
100,9,TRUE,1,0,0,1,0,0,52
100,10,FALSE,0,0,0,NA,NA,NA,NA
100,11,FALSE,0,1,1,NA,NA,NA,NA
101,1,FALSE,1,1,1,NA,NA,NA,NA
101,2,FALSE,0,1,2,NA,NA,NA,NA
101,3,TRUE,1,0,0,1,0,0,52
101,4,FALSE,1,0,1,NA,NA,NA,NA
101,5,FALSE,0,0,0,NA,NA,NA,NA
101,6,FALSE,2,0,0,NA,NA,NA,NA
101,7,FALSE,0,0,0,NA,NA,NA,NA
101,8,FALSE,0,1,1,NA,NA,NA,NA
101,9,FALSE,2,0,0,NA,NA,NA,NA
101,10,FALSE,2,0,1,NA,NA,NA,NA
101,11,FALSE,0,1,2,NA,NA,NA,NA
102,1,FALSE,2,0,0,NA,NA,NA,NA
102,2,TRUE,0,0,1,0,0,1,52
102,3,TRUE,0,0,1,0,0,1,52
102,4,FALSE,1,0,1,NA,NA,NA,NA
102,5,FALSE,0,0,0,NA,NA,NA,NA
102,6,FALSE,0,1,1,NA,NA,NA,NA
102,7,TRUE,0,0,1,0,0,1,52
102,8,FALSE,0,1,1,NA,NA,NA,NA
102,9,FALSE,1,0,1,NA,NA,NA,NA
102,10,FALSE,0,1,1,NA,NA,NA,NA
102,11,FALSE,1,1,1,NA,NA,NA,NA
103,1,FALSE,2,1,1,NA,NA,NA,NA
103,2,TRUE,0,0,1,0,0,1,52
103,3,TRUE,1,0,0,1,0,0,52
103,4,TRUE,1,0,0,1,0,0,52
103,5,FALSE,0,0,0,NA,NA,NA,NA
103,6,FALSE,1,1,1,NA,NA,NA,NA
103,7,TRUE,0,0,1,0,0,1,52
103,8,FALSE,0,1,1,NA,NA,NA,NA
103,9,TRUE,1,0,0,1,0,0,52
103,10,FALSE,1,1,1,NA,NA,NA,NA
103,11,FALSE,1,1,1,NA,NA,NA,NA
104,1,FALSE,0,1,1,NA,NA,NA,NA
104,2,TRUE,0,0,1,0,0,1,52
104,3,FALSE,2,1,1,NA,NA,NA,NA
104,4,FALSE,1,0,1,NA,NA,NA,NA
104,5,FALSE,2,0,2,NA,NA,NA,NA
104,6,FALSE,0,1,1,NA,NA,NA,NA
104,7,TRUE,1,0,0,1,0,0,52
104,8,FALSE,0,1,1,NA,NA,NA,NA
104,9,FALSE,2,0,1,NA,NA,NA,NA
104,10,TRUE,0,0,1,0,0,1,52
104,11,FALSE,1,1,1,NA,NA,NA,NA
105,1,FALSE,2,0,0,NA,NA,NA,NA
105,2,FALSE,2,1,2,NA,NA,NA,NA
105,3,TRUE,1,0,0,1,0,0,52
105,4,TRUE,1,0,0,1,0,0,52
105,5,FALSE,0,0,0,NA,NA,NA,NA
105,6,FALSE,2,0,0,NA,NA,NA,NA
105,7,FALSE,0,1,1,NA,NA,NA,NA
105,8,FALSE,0,1,1,NA,NA,NA,NA
105,9,FALSE,2,1,2,NA,NA,NA,NA
105,10,FALSE,0,0,0,NA,NA,NA,NA
105,11,TRUE,0,0,1,0,0,1,52
106,1,FALSE,0,1,1,NA,NA,NA,NA
106,2,TRUE,0,0,1,0,0,1,52
106,3,FALSE,1,1,2,NA,NA,NA,NA
106,4,FALSE,1,0,1,NA,NA,NA,NA
106,5,FALSE,0,0,0,NA,NA,NA,NA
106,6,FALSE,1,0,1,NA,NA,NA,NA
106,7,FALSE,2,0,1,NA,NA,NA,NA
106,8,TRUE,1,1,0,1,0,0,52
106,9,FALSE,2,1,1,NA,NA,NA,NA
106,10,TRUE,0,0,1,0,0,1,52
106,11,FALSE,2,1,1,NA,NA,NA,NA
107,1,FALSE,1,1,1,NA,NA,NA,NA
107,2,FALSE,3,1,1,NA,NA,NA,NA
107,3,FALSE,1,1,1,NA,NA,NA,NA
107,4,FALSE,1,0,1,NA,NA,NA,NA
107,5,FALSE,0,0,0,NA,NA,NA,NA
107,6,FALSE,0,1,1,NA,NA,NA,NA
107,7,FALSE,0,0,0,NA,NA,NA,NA
107,8,FALSE,0,1,1,NA,NA,NA,NA
107,9,FALSE,2,0,1,NA,NA,NA,NA
107,10,FALSE,0,0,0,NA,NA,NA,NA
107,11,FALSE,0,1,1,NA,NA,NA,NA
109,1,FALSE,0,0,0,NA,NA,NA,NA
109,2,FALSE,0,0,0,NA,NA,NA,NA
109,3,FALSE,0,0,0,NA,NA,NA,NA
109,4,FALSE,1,0,1,NA,NA,NA,NA
109,5,FALSE,1,0,2,NA,NA,NA,NA
109,6,FALSE,0,1,1,NA,NA,NA,NA
109,7,FALSE,0,0,0,NA,NA,NA,NA
109,8,FALSE,0,1,1,NA,NA,NA,NA
109,9,FALSE,1,1,2,NA,NA,NA,NA
109,10,TRUE,0,0,1,0,0,1,52
109,11,TRUE,1,1,0,1,0,0,52
110,1,FALSE,0,1,1,NA,NA,NA,NA
110,2,FALSE,0,1,1,NA,NA,NA,NA
110,3,TRUE,1,0,0,1,0,0,52
110,4,FALSE,1,0,1,NA,NA,NA,NA
110,5,FALSE,0,0,0,NA,NA,NA,NA
110,6,TRUE,1,0,0,1,0,0,52
110,7,TRUE,0,0,1,0,0,1,52
110,8,FALSE,0,1,1,NA,NA,NA,NA
110,9,TRUE,0,0,1,0,0,1,52
110,10,FALSE,0,0,0,NA,NA,NA,NA
110,11,FALSE,1,1,1,NA,NA,NA,NA
111,1,FALSE,0,1,1,NA,NA,NA,NA
111,2,FALSE,1,1,2,NA,NA,NA,NA
111,3,FALSE,0,1,1,NA,NA,NA,NA
111,4,FALSE,1,0,1,NA,NA,NA,NA
111,5,FALSE,0,0,0,NA,NA,NA,NA
111,6,FALSE,2,1,2,NA,NA,NA,NA
111,7,FALSE,0,0,0,NA,NA,NA,NA
111,8,FALSE,1,1,1,NA,NA,NA,NA
111,9,FALSE,0,1,2,NA,NA,NA,NA
111,10,FALSE,1,1,2,NA,NA,NA,NA
111,11,FALSE,0,1,2,NA,NA,NA,NA
112,1,FALSE,0,0,0,NA,NA,NA,NA
112,2,FALSE,1,0,1,NA,NA,NA,NA
112,3,FALSE,1,0,1,NA,NA,NA,NA
112,4,FALSE,1,0,1,NA,NA,NA,NA
112,5,FALSE,0,0,0,NA,NA,NA,NA
112,6,TRUE,1,0,0,1,0,0,52
112,7,FALSE,0,1,1,NA,NA,NA,NA
112,8,FALSE,0,1,2,NA,NA,NA,NA
112,9,TRUE,0,0,1,0,0,1,52
112,10,FALSE,2,0,1,NA,NA,NA,NA
112,11,FALSE,0,1,1,NA,NA,NA,NA
113,1,FALSE,0,1,1,NA,NA,NA,NA
113,2,TRUE,0,0,1,0,0,1,52
113,3,FALSE,0,0,0,NA,NA,NA,NA
113,4,FALSE,1,0,1,NA,NA,NA,NA
113,5,FALSE,1,0,2,NA,NA,NA,NA
113,6,FALSE,2,0,0,NA,NA,NA,NA
113,7,FALSE,0,0,0,NA,NA,NA,NA
113,8,FALSE,0,1,1,NA,NA,NA,NA
113,9,FALSE,1,1,1,NA,NA,NA,NA
113,10,FALSE,0,1,1,NA,NA,NA,NA
113,11,FALSE,0,1,1,NA,NA,NA,NA
114,1,FALSE,0,0,2,NA,NA,NA,NA
114,2,FALSE,1,0,1,NA,NA,NA,NA
114,3,FALSE,1,0,1,NA,NA,NA,NA
114,4,FALSE,1,0,1,NA,NA,NA,NA
114,5,FALSE,0,0,0,NA,NA,NA,NA
114,6,FALSE,1,1,1,NA,NA,NA,NA
114,7,TRUE,0,0,1,0,0,1,52
114,8,FALSE,0,1,1,NA,NA,NA,NA
114,9,FALSE,2,1,1,NA,NA,NA,NA
114,10,FALSE,1,1,1,NA,NA,NA,NA
114,11,FALSE,0,1,2,NA,NA,NA,NA
115,1,FALSE,1,1,1,NA,NA,NA,NA
115,2,FALSE,1,1,1,NA,NA,NA,NA
115,3,FALSE,1,1,1,NA,NA,NA,NA
115,4,FALSE,3,0,1,NA,NA,NA,NA
115,5,FALSE,0,0,0,NA,NA,NA,NA
115,6,FALSE,2,0,0,NA,NA,NA,NA
115,7,FALSE,0,0,0,NA,NA,NA,NA
115,8,FALSE,0,1,1,NA,NA,NA,NA
115,9,FALSE,1,1,1,NA,NA,NA,NA
115,10,FALSE,0,1,1,NA,NA,NA,NA
115,11,FALSE,0,1,0,NA,NA,NA,NA
116,1,FALSE,0,1,1,NA,NA,NA,NA
116,2,FALSE,0,1,1,NA,NA,NA,NA
116,3,TRUE,1,0,0,1,0,0,52
116,4,FALSE,1,0,1,NA,NA,NA,NA
116,5,FALSE,0,0,0,NA,NA,NA,NA
116,6,FALSE,0,1,1,NA,NA,NA,NA
116,7,FALSE,0,0,0,NA,NA,NA,NA
116,8,FALSE,0,1,2,NA,NA,NA,NA
116,9,TRUE,1,0,0,1,0,0,52
116,10,FALSE,0,0,0,NA,NA,NA,NA
116,11,FALSE,1,1,2,NA,NA,NA,NA
117,1,FALSE,2,1,1,NA,NA,NA,NA
117,2,FALSE,2,1,1,NA,NA,NA,NA
117,3,FALSE,2,1,1,NA,NA,NA,NA
117,4,FALSE,1,0,0,NA,NA,NA,NA
117,5,FALSE,0,0,0,NA,NA,NA,NA
117,6,FALSE,2,0,3,NA,NA,NA,NA
117,7,TRUE,0,0,1,0,0,1,52
117,8,FALSE,2,1,1,NA,NA,NA,NA
117,9,FALSE,1,1,2,NA,NA,NA,NA
117,10,FALSE,0,1,1,NA,NA,NA,NA
117,11,FALSE,0,1,2,NA,NA,NA,NA
118,1,FALSE,0,0,0,NA,NA,NA,NA
118,2,FALSE,0,1,2,NA,NA,NA,NA
118,3,FALSE,1,1,1,NA,NA,NA,NA
118,4,FALSE,3,0,2,NA,NA,NA,NA
118,5,FALSE,0,0,0,NA,NA,NA,NA
118,6,FALSE,0,1,1,NA,NA,NA,NA
118,7,TRUE,0,0,1,0,0,1,52
118,8,FALSE,0,1,2,NA,NA,NA,NA
118,9,TRUE,0,0,1,0,0,1,52
118,10,FALSE,2,0,2,NA,NA,NA,NA
118,11,FALSE,1,1,1,NA,NA,NA,NA
119,1,FALSE,0,0,0,NA,NA,NA,NA
119,2,FALSE,0,1,2,NA,NA,NA,NA
119,3,TRUE,1,0,0,1,0,0,52
119,4,FALSE,1,0,1,NA,NA,NA,NA
119,5,FALSE,0,0,0,NA,NA,NA,NA
119,6,FALSE,0,1,1,NA,NA,NA,NA
119,7,FALSE,0,0,0,NA,NA,NA,NA
119,8,FALSE,0,1,1,NA,NA,NA,NA
119,9,TRUE,1,0,0,1,0,0,52
119,10,FALSE,0,0,0,NA,NA,NA,NA
119,11,FALSE,0,1,2,NA,NA,NA,NA
121,1,FALSE,0,1,1,NA,NA,NA,NA
121,2,FALSE,1,0,1,NA,NA,NA,NA
121,3,TRUE,1,0,0,1,0,0,52
121,4,TRUE,1,0,0,1,0,0,52
121,5,FALSE,0,0,0,NA,NA,NA,NA
121,6,FALSE,1,0,1,NA,NA,NA,NA
121,7,TRUE,0,0,1,0,0,1,52
121,8,FALSE,0,1,1,NA,NA,NA,NA
121,9,TRUE,0,0,1,0,0,1,52
121,10,FALSE,3,0,1,NA,NA,NA,NA
121,11,TRUE,0,1,1,0,0,1,52
122,1,FALSE,0,1,1,NA,NA,NA,NA
122,2,FALSE,0,1,1,NA,NA,NA,NA
122,3,FALSE,1,0,1,NA,NA,NA,NA
122,4,FALSE,1,0,1,NA,NA,NA,NA
122,5,FALSE,1,0,1,NA,NA,NA,NA
122,6,FALSE,0,1,1,NA,NA,NA,NA
122,7,TRUE,0,0,1,0,0,1,52
122,8,FALSE,0,1,1,NA,NA,NA,NA
122,9,TRUE,0,0,1,0,0,1,52
122,10,FALSE,1,0,1,NA,NA,NA,NA
122,11,FALSE,2,1,2,NA,NA,NA,NA
123,1,FALSE,0,1,1,NA,NA,NA,NA
123,2,TRUE,1,1,0,1,0,0,52
123,3,FALSE,0,0,0,NA,NA,NA,NA
123,4,FALSE,1,0,1,NA,NA,NA,NA
123,5,FALSE,0,0,0,NA,NA,NA,NA
123,6,FALSE,1,0,1,NA,NA,NA,NA
123,7,TRUE,0,0,1,0,0,1,52
123,8,FALSE,0,1,1,NA,NA,NA,NA
123,9,TRUE,0,0,1,0,0,1,52
123,10,FALSE,0,0,0,NA,NA,NA,NA
123,11,FALSE,1,1,1,NA,NA,NA,NA
124,1,FALSE,0,0,0,NA,NA,NA,NA
124,2,TRUE,0,0,1,0,0,1,52
124,3,FALSE,1,1,1,NA,NA,NA,NA
124,4,FALSE,1,0,1,NA,NA,NA,NA
124,5,FALSE,0,0,0,NA,NA,NA,NA
124,6,FALSE,4,0,0,NA,NA,NA,NA
124,7,FALSE,0,0,0,NA,NA,NA,NA
124,8,FALSE,0,1,2,NA,NA,NA,NA
124,9,TRUE,0,0,1,0,0,1,52
124,10,FALSE,0,1,1,NA,NA,NA,NA
124,11,FALSE,2,1,1,NA,NA,NA,NA
126,1,FALSE,1,1,1,NA,NA,NA,NA
126,2,FALSE,0,1,1,NA,NA,NA,NA
126,3,FALSE,0,0,0,NA,NA,NA,NA
126,4,FALSE,1,0,1,NA,NA,NA,NA
126,5,FALSE,0,1,1,NA,NA,NA,NA
126,6,FALSE,0,1,2,NA,NA,NA,NA
126,7,TRUE,0,0,1,0,0,1,52
126,8,FALSE,0,0,0,NA,NA,NA,NA
126,9,FALSE,1,1,1,NA,NA,NA,NA
126,10,TRUE,0,1,1,0,0,1,52
126,11,FALSE,2,1,2,NA,NA,NA,NA
128,1,TRUE,0,0,1,0,0,1,52
128,2,FALSE,1,1,1,NA,NA,NA,NA
128,3,TRUE,1,0,0,1,0,0,52
128,4,FALSE,1,0,1,NA,NA,NA,NA
128,5,FALSE,0,0,0,NA,NA,NA,NA
128,6,FALSE,0,1,1,NA,NA,NA,NA
128,7,FALSE,2,1,1,NA,NA,NA,NA
128,8,FALSE,0,1,1,NA,NA,NA,NA
128,9,TRUE,0,0,1,0,0,1,52
128,10,FALSE,0,1,1,NA,NA,NA,NA
128,11,FALSE,0,1,2,NA,NA,NA,NA
129,1,FALSE,0,1,1,NA,NA,NA,NA
129,2,FALSE,1,1,1,NA,NA,NA,NA
129,3,FALSE,2,0,0,NA,NA,NA,NA
129,4,TRUE,1,0,0,1,0,0,52
129,5,FALSE,0,0,0,NA,NA,NA,NA
129,6,FALSE,0,1,1,NA,NA,NA,NA
129,7,FALSE,0,0,0,NA,NA,NA,NA
129,8,TRUE,1,0,0,1,0,0,52
129,9,FALSE,2,1,1,NA,NA,NA,NA
129,10,FALSE,0,1,1,NA,NA,NA,NA
129,11,FALSE,0,1,1,NA,NA,NA,NA
130,1,FALSE,0,1,2,NA,NA,NA,NA
130,2,TRUE,0,0,1,0,0,1,52
130,3,FALSE,0,1,1,NA,NA,NA,NA
130,4,TRUE,0,0,1,0,0,1,52
130,5,TRUE,1,0,0,1,0,0,52
130,6,TRUE,1,0,0,1,0,0,52
130,7,TRUE,0,0,1,0,0,1,52
130,8,FALSE,0,1,2,NA,NA,NA,NA
130,9,TRUE,0,0,1,0,0,1,52
130,10,FALSE,0,1,1,NA,NA,NA,NA
130,11,FALSE,0,1,1,NA,NA,NA,NA
131,1,FALSE,0,1,1,NA,NA,NA,NA
131,2,FALSE,0,1,1,NA,NA,NA,NA
131,3,FALSE,0,1,1,NA,NA,NA,NA
131,4,TRUE,1,0,0,1,0,0,52
131,5,FALSE,0,0,0,NA,NA,NA,NA
131,6,TRUE,1,0,0,1,0,0,52
131,7,TRUE,0,0,1,0,0,1,52
131,8,FALSE,0,1,1,NA,NA,NA,NA
131,9,FALSE,2,0,0,NA,NA,NA,NA
131,10,FALSE,0,0,0,NA,NA,NA,NA
131,11,TRUE,0,0,1,0,0,1,52
132,1,FALSE,0,1,1,NA,NA,NA,NA
132,2,FALSE,3,1,1,NA,NA,NA,NA
132,3,FALSE,1,0,1,NA,NA,NA,NA
132,4,FALSE,1,0,0,NA,NA,NA,NA
132,5,TRUE,0,0,1,0,0,1,52
132,6,FALSE,1,1,0,NA,NA,NA,NA
132,7,FALSE,0,0,0,NA,NA,NA,NA
132,8,FALSE,1,0,1,NA,NA,NA,NA
132,9,FALSE,3,1,1,NA,NA,NA,NA
132,10,FALSE,0,1,1,NA,NA,NA,NA
132,11,FALSE,1,1,2,NA,NA,NA,NA
134,1,FALSE,0,1,1,NA,NA,NA,NA
134,2,FALSE,2,0,2,NA,NA,NA,NA
134,3,TRUE,0,1,1,0,0,1,52
134,4,FALSE,1,0,1,NA,NA,NA,NA
134,5,TRUE,0,0,1,0,0,1,52
134,6,FALSE,0,1,1,NA,NA,NA,NA
134,7,FALSE,0,1,2,NA,NA,NA,NA
134,8,FALSE,0,1,2,NA,NA,NA,NA
134,9,FALSE,0,1,1,NA,NA,NA,NA
134,10,TRUE,0,1,1,0,0,1,52
134,11,FALSE,0,1,0,NA,NA,NA,NA
137,1,FALSE,0,1,1,NA,NA,NA,NA
137,2,FALSE,1,1,1,NA,NA,NA,NA
137,3,FALSE,0,0,0,NA,NA,NA,NA
137,4,TRUE,0,0,1,0,0,1,52
137,5,FALSE,0,1,1,NA,NA,NA,NA
137,6,FALSE,1,1,1,NA,NA,NA,NA
137,7,FALSE,0,1,1,NA,NA,NA,NA
137,8,FALSE,0,1,1,NA,NA,NA,NA
137,9,TRUE,0,0,1,0,0,1,52
137,10,FALSE,0,1,2,NA,NA,NA,NA
137,11,FALSE,1,1,1,NA,NA,NA,NA
